Model,METR-LA ZS,METR-LA FS,METR-LA Gain,PEMS03 ZS,PEMS03 FS,PEMS03 Gain,PEMS04 ZS,PEMS04 FS,PEMS04 Gain,PEMS07 ZS,PEMS07 FS,PEMS07 Gain,PEMS08 ZS,PEMS08 FS,PEMS08 Gain,PEMS-BAY ZS,PEMS-BAY FS,PEMS-BAY Gain,Avg ZS,Avg FS,Avg Gain
DPM-SR,7.424457141052085,5.4247527920948535,1.9997043489572315,22.32889484811523,20.579605344243657,1.749289503871573,28.26490739171539,26.157218519545278,2.1076888721701117,31.950710272212454,29.597452489275003,2.353257782937451,23.31061399412585,21.356477447458214,1.954136546667634,2.478254934579569,2.029261722187186,0.448993212392383,19.29297309696676,17.524128052467365,1.768845044499397
DPM-SR++,7.222599503307208,5.775704013938368,1.4468954893688402,22.751210336115605,20.90756923973469,1.8436410963809138,28.032053228803157,26.735523456645804,1.2965297721573528,31.438010088240947,30.09456847639884,1.3434416118421062,22.263851187250637,21.386014065226995,0.8778371220236423,2.5333679658371517,2.0869304823655517,0.44643748347160006,19.040182051592453,17.831051622385036,1.2091304292074092
DPM-SR++-ZED-ZS,6.591013105607982,,,23.23780253470218,,,27.793272156286015,,,31.338600233303193,,,22.166642693785935,,,2.4371779436885532,,,18.927418111228977,,
