Model,METR-LA_BasicTS ZS,METR-LA_BasicTS FS,METR-LA_BasicTS Gain,PEMS03_BasicTS ZS,PEMS03_BasicTS FS,PEMS03_BasicTS Gain,PEMS04_BasicTS ZS,PEMS04_BasicTS FS,PEMS04_BasicTS Gain,PEMS07_BasicTS ZS,PEMS07_BasicTS FS,PEMS07_BasicTS Gain,PEMS08_BasicTS ZS,PEMS08_BasicTS FS,PEMS08_BasicTS Gain,PEMS-BAY_BasicTS ZS,PEMS-BAY_BasicTS FS,PEMS-BAY_BasicTS Gain,Avg ZS,Avg FS,Avg Gain
DPM-STFM,7.185980724646281,5.462623699068744,1.7233570255775366,23.945526673636795,20.410804535309353,3.5347221383274423,29.800350345141513,25.67827303149689,4.122077313644624,34.95314286070562,29.585391684921504,5.3677511757841145,24.978581400604934,20.45339666400944,4.525184736595495,2.3791498682940584,2.052137114972357,0.3270127533217013,20.540455312171535,17.273771121629714,3.2666841905418185
OpenCity,7.336153574514724,5.7420468878969375,1.5941066866177867,29.161298322458546,22.954310426668222,6.2069878957903235,36.782860902813376,29.99701100164115,6.785849901172224,35.62455668388356,31.641470295945407,3.9830863879381546,31.357396091426814,24.629138568500142,6.728257522926672,3.172577221882884,2.322205218876627,0.8503720030062571,23.90580713282998,19.547697066588082,4.3581100662419034
UniST,16.91728172983442,5.426291307046207,11.490990422788215,120.26343648539569,20.39699259432315,99.86644389107254,130.9319065509814,26.50069920598613,104.43120734499527,159.070879940288,30.418497222585664,128.65238271770232,122.67035968883617,20.923164679123474,101.7471950097127,5.791814010020497,2.00442473577775,3.787389274242747,92.60761306755937,17.61167829080706,74.99593477675229
